{
  "timestamp": "2026-06-27T04:39:12-04:00",
  "experiments": {
    "standard": {
      "modes": {
        "standard": {
          "latency": 25.919174750645954,
          "cost": 1.0
        }
      },
      "timestamp": 1782549596.4957128
    },
    "cache": {
      "modes": {
        "standard": {
          "latency": 24.159727334976196,
          "cost": 1.0
        }
      },
      "timestamp": 1782549645.7561853
    }
  }
}
