{
  "modes": {
    "standard": {
      "latency": 24.159727334976196,
      "cost": 1.0
    }
  },
  "timestamp": 1782549645.7561853
}