{
  "modes": {
    "standard": {
      "latency": 38.365206480026245,
      "cost": 1.0
    }
  },
  "timestamp": 1782554470.9637609
}