{
  "timestamp": "2026-06-27T06:01:08-04:00",
  "experiments": {
    "cache": {
      "modes": {
        "standard": {
          "latency": 38.365206480026245,
          "cost": 1.0
        }
      },
      "timestamp": 1782554470.9637609
    }
  }
}
