{
  "modes": {
    "standard": {
      "latency": 25.919174750645954,
      "cost": 1.0
    }
  },
  "timestamp": 1782549596.4957128
}