{
  "modes": {
    "standard": {
      "latency": 15.665017396211624,
      "cost": 1.0
    }
  },
  "timestamp": 1782554392.7343025
}